{"cameraMode":{"drawMode":0,"name":"Shaded","section":"Shading Mode"},"sceneLighting":false,"audioPlay":false,"sceneViewState":{"m_AlwaysRefresh":false,"showFog":true,"showSkybox":false,"showFlares":true,"showImageEffects":true,"showParticleSystems":true,"showVisualEffectGraphs":true,"m_FxEnabled":true},"in2DMode":false,"pivot":{"x":28.009798049926759,"y":0.042999982833862308,"z":-13.199999809265137},"rotation":{"x":-0.10429934412240982,"y":-0.042915381491184238,"z":0.0046746376901865009,"w":-0.9939638376235962},"size":1.7320507764816285,"orthographic":false}