{"cameraMode":{"drawMode":0,"name":"Shaded","section":"Shading Mode"},"sceneLighting":false,"audioPlay":false,"sceneViewState":{"m_AlwaysRefresh":false,"showFog":true,"showSkybox":false,"showFlares":true,"showImageEffects":true,"showParticleSystems":true,"showVisualEffectGraphs":true,"m_FxEnabled":true},"in2DMode":false,"pivot":{"x":-0.17668747901916505,"y":0.21315807104110719,"z":-0.015228359028697014},"rotation":{"x":0.28124964237213137,"y":-0.6570066809654236,"z":0.29414188861846926,"w":0.6357227563858032},"size":2.241549491882324,"orthographic":false}